{
	"creator": [
	    "ud8e1bf7d8e3d1083bfd1cbac7cef3397"
	],
	"sname": "x",
	"owner": [
	    "ud8e1bf7d8e3d1083bfd1cbac7cef3397"
	],
	"master": [
	    "ud8e1bf7d8e3d1083bfd1cbac7cef3397"
	],
	"admins": [],
	"squad": [
	    "ud8e1bf7d8e3d1083bfd1cbac7cef3397"
	],
	"bots": [],
	"sq": [],
	"antijs": [],
	"proqr": [],
	"proinvite": [],
	"prokick": [],
	"procancel": [],
	"fastcan": true,
	"backupmem": false,
	"modebackup": true,
	"modeajs": false,
	"autobl": true,
	"nukick": false,
	"nucancel": false,
	"byemem": false,
	"silent": false,
	"team": "xxxxxxx",
	"kickban": true, 
	"limiter": []
}
	
	